mode	category	task_name	policy	task_progress
pvp	combat	curriculum/Task_CountEvent_(event:PLAYER_KILL_N:20)_reward_to:agent	general_100m	0.162524
pvp	combat	curriculum/Task_CountEvent_(event:PLAYER_KILL_N:20)_reward_to:agent	general_200m	0.160894
pvp	combat	curriculum/Task_CountEvent_(event:PLAYER_KILL_N:20)_reward_to:agent	general_300m	0.185283
pvp	combat	curriculum/Task_CountEvent_(event:PLAYER_KILL_N:20)_reward_to:agent	general_400m	0.179541
pvp	combat	curriculum/Task_CountEvent_(event:PLAYER_KILL_N:20)_reward_to:agent	mtonly_100m	0.152844
pvp	combat	curriculum/Task_CountEvent_(event:PLAYER_KILL_N:20)_reward_to:agent	mtonly_25m	0.111329
pvp	combat	curriculum/Task_CountEvent_(event:PLAYER_KILL_N:20)_reward_to:agent	mtonly_50m	0.134426
pvp	combat	curriculum/Task_CountEvent_(event:PLAYER_KILL_N:20)_reward_to:agent	mtonly_75m	0.141855
pvp	combat	curriculum/Task_DefeatEntity_(agent_type:npc_level:1_num_agent:20)_reward_to:agent	general_100m	0.150095
pvp	combat	curriculum/Task_DefeatEntity_(agent_type:npc_level:1_num_agent:20)_reward_to:agent	general_200m	0.157936
pvp	combat	curriculum/Task_DefeatEntity_(agent_type:npc_level:1_num_agent:20)_reward_to:agent	general_300m	0.162099
pvp	combat	curriculum/Task_DefeatEntity_(agent_type:npc_level:1_num_agent:20)_reward_to:agent	general_400m	0.173229
pvp	combat	curriculum/Task_DefeatEntity_(agent_type:npc_level:1_num_agent:20)_reward_to:agent	mtonly_100m	0.158062
pvp	combat	curriculum/Task_DefeatEntity_(agent_type:npc_level:1_num_agent:20)_reward_to:agent	mtonly_25m	0.105527
pvp	combat	curriculum/Task_DefeatEntity_(agent_type:npc_level:1_num_agent:20)_reward_to:agent	mtonly_50m	0.119277
pvp	combat	curriculum/Task_DefeatEntity_(agent_type:npc_level:1_num_agent:20)_reward_to:agent	mtonly_75m	0.130953
pvp	combat	curriculum/Task_DefeatEntity_(agent_type:npc_level:3_num_agent:20)_reward_to:agent	general_100m	0.045598
pvp	combat	curriculum/Task_DefeatEntity_(agent_type:npc_level:3_num_agent:20)_reward_to:agent	general_200m	0.052629
pvp	combat	curriculum/Task_DefeatEntity_(agent_type:npc_level:3_num_agent:20)_reward_to:agent	general_300m	0.046683
pvp	combat	curriculum/Task_DefeatEntity_(agent_type:npc_level:3_num_agent:20)_reward_to:agent	general_400m	0.057230
pvp	combat	curriculum/Task_DefeatEntity_(agent_type:npc_level:3_num_agent:20)_reward_to:agent	mtonly_100m	0.041073
pvp	combat	curriculum/Task_DefeatEntity_(agent_type:npc_level:3_num_agent:20)_reward_to:agent	mtonly_25m	0.015584
pvp	combat	curriculum/Task_DefeatEntity_(agent_type:npc_level:3_num_agent:20)_reward_to:agent	mtonly_50m	0.025300
pvp	combat	curriculum/Task_DefeatEntity_(agent_type:npc_level:3_num_agent:20)_reward_to:agent	mtonly_75m	0.028841
pvp	exploration	curriculum/Task_CountEvent_(event:GO_FARTHEST_N:64)_reward_to:agent	general_100m	0.208989
pvp	exploration	curriculum/Task_CountEvent_(event:GO_FARTHEST_N:64)_reward_to:agent	general_200m	0.225469
pvp	exploration	curriculum/Task_CountEvent_(event:GO_FARTHEST_N:64)_reward_to:agent	general_300m	0.219073
pvp	exploration	curriculum/Task_CountEvent_(event:GO_FARTHEST_N:64)_reward_to:agent	general_400m	0.243111
pvp	exploration	curriculum/Task_CountEvent_(event:GO_FARTHEST_N:64)_reward_to:agent	mtonly_100m	0.196137
pvp	exploration	curriculum/Task_CountEvent_(event:GO_FARTHEST_N:64)_reward_to:agent	mtonly_25m	0.162121
pvp	exploration	curriculum/Task_CountEvent_(event:GO_FARTHEST_N:64)_reward_to:agent	mtonly_50m	0.164784
pvp	exploration	curriculum/Task_CountEvent_(event:GO_FARTHEST_N:64)_reward_to:agent	mtonly_75m	0.176231
pvp	exploration	curriculum/Task_OccupyTile_(row:80_col:80)_reward_to:agent	general_100m	0.000000
pvp	exploration	curriculum/Task_OccupyTile_(row:80_col:80)_reward_to:agent	general_200m	0.000000
pvp	exploration	curriculum/Task_OccupyTile_(row:80_col:80)_reward_to:agent	general_300m	0.000000
pvp	exploration	curriculum/Task_OccupyTile_(row:80_col:80)_reward_to:agent	general_400m	0.000000
pvp	exploration	curriculum/Task_OccupyTile_(row:80_col:80)_reward_to:agent	mtonly_100m	0.000000
pvp	exploration	curriculum/Task_OccupyTile_(row:80_col:80)_reward_to:agent	mtonly_25m	0.000000
pvp	exploration	curriculum/Task_OccupyTile_(row:80_col:80)_reward_to:agent	mtonly_50m	0.000000
pvp	exploration	curriculum/Task_OccupyTile_(row:80_col:80)_reward_to:agent	mtonly_75m	0.000000
pvp	item	curriculum/Task_ConsumeItem_(item:Potion_level:1_quantity:20)_reward_to:agent	general_100m	0.112336
pvp	item	curriculum/Task_ConsumeItem_(item:Potion_level:1_quantity:20)_reward_to:agent	general_200m	0.131796
pvp	item	curriculum/Task_ConsumeItem_(item:Potion_level:1_quantity:20)_reward_to:agent	general_300m	0.098989
pvp	item	curriculum/Task_ConsumeItem_(item:Potion_level:1_quantity:20)_reward_to:agent	general_400m	0.152433
pvp	item	curriculum/Task_ConsumeItem_(item:Potion_level:1_quantity:20)_reward_to:agent	mtonly_100m	0.116000
pvp	item	curriculum/Task_ConsumeItem_(item:Potion_level:1_quantity:20)_reward_to:agent	mtonly_25m	0.096662
pvp	item	curriculum/Task_ConsumeItem_(item:Potion_level:1_quantity:20)_reward_to:agent	mtonly_50m	0.057026
pvp	item	curriculum/Task_ConsumeItem_(item:Potion_level:1_quantity:20)_reward_to:agent	mtonly_75m	0.153465
pvp	item	curriculum/Task_ConsumeItem_(item:Potion_level:3_quantity:20)_reward_to:agent	general_100m	0.001492
pvp	item	curriculum/Task_ConsumeItem_(item:Potion_level:3_quantity:20)_reward_to:agent	general_200m	0.002964
pvp	item	curriculum/Task_ConsumeItem_(item:Potion_level:3_quantity:20)_reward_to:agent	general_300m	0.002210
pvp	item	curriculum/Task_ConsumeItem_(item:Potion_level:3_quantity:20)_reward_to:agent	general_400m	0.004070
pvp	item	curriculum/Task_ConsumeItem_(item:Potion_level:3_quantity:20)_reward_to:agent	mtonly_100m	0.002934
pvp	item	curriculum/Task_ConsumeItem_(item:Potion_level:3_quantity:20)_reward_to:agent	mtonly_25m	0.001160
pvp	item	curriculum/Task_ConsumeItem_(item:Potion_level:3_quantity:20)_reward_to:agent	mtonly_50m	0.000738
pvp	item	curriculum/Task_ConsumeItem_(item:Potion_level:3_quantity:20)_reward_to:agent	mtonly_75m	0.003280
pvp	item	curriculum/Task_ConsumeItem_(item:Ration_level:1_quantity:20)_reward_to:agent	general_100m	0.140131
pvp	item	curriculum/Task_ConsumeItem_(item:Ration_level:1_quantity:20)_reward_to:agent	general_200m	0.196493
pvp	item	curriculum/Task_ConsumeItem_(item:Ration_level:1_quantity:20)_reward_to:agent	general_300m	0.171160
pvp	item	curriculum/Task_ConsumeItem_(item:Ration_level:1_quantity:20)_reward_to:agent	general_400m	0.203237
pvp	item	curriculum/Task_ConsumeItem_(item:Ration_level:1_quantity:20)_reward_to:agent	mtonly_100m	0.172212
pvp	item	curriculum/Task_ConsumeItem_(item:Ration_level:1_quantity:20)_reward_to:agent	mtonly_25m	0.109404
pvp	item	curriculum/Task_ConsumeItem_(item:Ration_level:1_quantity:20)_reward_to:agent	mtonly_50m	0.112191
pvp	item	curriculum/Task_ConsumeItem_(item:Ration_level:1_quantity:20)_reward_to:agent	mtonly_75m	0.140926
pvp	item	curriculum/Task_ConsumeItem_(item:Ration_level:3_quantity:20)_reward_to:agent	general_100m	0.002916
pvp	item	curriculum/Task_ConsumeItem_(item:Ration_level:3_quantity:20)_reward_to:agent	general_200m	0.002571
pvp	item	curriculum/Task_ConsumeItem_(item:Ration_level:3_quantity:20)_reward_to:agent	general_300m	0.006044
pvp	item	curriculum/Task_ConsumeItem_(item:Ration_level:3_quantity:20)_reward_to:agent	general_400m	0.007399
pvp	item	curriculum/Task_ConsumeItem_(item:Ration_level:3_quantity:20)_reward_to:agent	mtonly_100m	0.007350
pvp	item	curriculum/Task_ConsumeItem_(item:Ration_level:3_quantity:20)_reward_to:agent	mtonly_25m	0.001851
pvp	item	curriculum/Task_ConsumeItem_(item:Ration_level:3_quantity:20)_reward_to:agent	mtonly_50m	0.001936
pvp	item	curriculum/Task_ConsumeItem_(item:Ration_level:3_quantity:20)_reward_to:agent	mtonly_75m	0.001485
pvp	item	curriculum/Task_EquipItem_(item:Arrow_level:1_num_agent:1)_reward_to:agent	general_100m	0.392312
pvp	item	curriculum/Task_EquipItem_(item:Arrow_level:1_num_agent:1)_reward_to:agent	general_200m	0.471234
pvp	item	curriculum/Task_EquipItem_(item:Arrow_level:1_num_agent:1)_reward_to:agent	general_300m	0.449003
pvp	item	curriculum/Task_EquipItem_(item:Arrow_level:1_num_agent:1)_reward_to:agent	general_400m	0.548228
pvp	item	curriculum/Task_EquipItem_(item:Arrow_level:1_num_agent:1)_reward_to:agent	mtonly_100m	0.438225
pvp	item	curriculum/Task_EquipItem_(item:Arrow_level:1_num_agent:1)_reward_to:agent	mtonly_25m	0.390502
pvp	item	curriculum/Task_EquipItem_(item:Arrow_level:1_num_agent:1)_reward_to:agent	mtonly_50m	0.340672
pvp	item	curriculum/Task_EquipItem_(item:Arrow_level:1_num_agent:1)_reward_to:agent	mtonly_75m	0.401074
pvp	item	curriculum/Task_EquipItem_(item:Arrow_level:3_num_agent:1)_reward_to:agent	general_100m	0.003574
pvp	item	curriculum/Task_EquipItem_(item:Arrow_level:3_num_agent:1)_reward_to:agent	general_200m	0.007810
pvp	item	curriculum/Task_EquipItem_(item:Arrow_level:3_num_agent:1)_reward_to:agent	general_300m	0.006990
pvp	item	curriculum/Task_EquipItem_(item:Arrow_level:3_num_agent:1)_reward_to:agent	general_400m	0.011494
pvp	item	curriculum/Task_EquipItem_(item:Arrow_level:3_num_agent:1)_reward_to:agent	mtonly_100m	0.008097
pvp	item	curriculum/Task_EquipItem_(item:Arrow_level:3_num_agent:1)_reward_to:agent	mtonly_25m	0.005626
pvp	item	curriculum/Task_EquipItem_(item:Arrow_level:3_num_agent:1)_reward_to:agent	mtonly_50m	0.000000
pvp	item	curriculum/Task_EquipItem_(item:Arrow_level:3_num_agent:1)_reward_to:agent	mtonly_75m	0.007584
pvp	item	curriculum/Task_EquipItem_(item:Axe_level:1_num_agent:1)_reward_to:agent	general_100m	0.257859
pvp	item	curriculum/Task_EquipItem_(item:Axe_level:1_num_agent:1)_reward_to:agent	general_200m	0.232279
pvp	item	curriculum/Task_EquipItem_(item:Axe_level:1_num_agent:1)_reward_to:agent	general_300m	0.274506
pvp	item	curriculum/Task_EquipItem_(item:Axe_level:1_num_agent:1)_reward_to:agent	general_400m	0.253960
pvp	item	curriculum/Task_EquipItem_(item:Axe_level:1_num_agent:1)_reward_to:agent	mtonly_100m	0.283504
pvp	item	curriculum/Task_EquipItem_(item:Axe_level:1_num_agent:1)_reward_to:agent	mtonly_25m	0.191864
pvp	item	curriculum/Task_EquipItem_(item:Axe_level:1_num_agent:1)_reward_to:agent	mtonly_50m	0.264894
pvp	item	curriculum/Task_EquipItem_(item:Axe_level:1_num_agent:1)_reward_to:agent	mtonly_75m	0.267126
pvp	item	curriculum/Task_EquipItem_(item:Axe_level:3_num_agent:1)_reward_to:agent	general_100m	0.007413
pvp	item	curriculum/Task_EquipItem_(item:Axe_level:3_num_agent:1)_reward_to:agent	general_200m	0.014575
pvp	item	curriculum/Task_EquipItem_(item:Axe_level:3_num_agent:1)_reward_to:agent	general_300m	0.008195
pvp	item	curriculum/Task_EquipItem_(item:Axe_level:3_num_agent:1)_reward_to:agent	general_400m	0.010768
pvp	item	curriculum/Task_EquipItem_(item:Axe_level:3_num_agent:1)_reward_to:agent	mtonly_100m	0.019562
pvp	item	curriculum/Task_EquipItem_(item:Axe_level:3_num_agent:1)_reward_to:agent	mtonly_25m	0.008799
pvp	item	curriculum/Task_EquipItem_(item:Axe_level:3_num_agent:1)_reward_to:agent	mtonly_50m	0.015245
pvp	item	curriculum/Task_EquipItem_(item:Axe_level:3_num_agent:1)_reward_to:agent	mtonly_75m	0.011380
pvp	item	curriculum/Task_EquipItem_(item:Bottom_level:1_num_agent:1)_reward_to:agent	general_100m	0.389611
pvp	item	curriculum/Task_EquipItem_(item:Bottom_level:1_num_agent:1)_reward_to:agent	general_200m	0.460695
pvp	item	curriculum/Task_EquipItem_(item:Bottom_level:1_num_agent:1)_reward_to:agent	general_300m	0.438138
pvp	item	curriculum/Task_EquipItem_(item:Bottom_level:1_num_agent:1)_reward_to:agent	general_400m	0.478166
pvp	item	curriculum/Task_EquipItem_(item:Bottom_level:1_num_agent:1)_reward_to:agent	mtonly_100m	0.449237
pvp	item	curriculum/Task_EquipItem_(item:Bottom_level:1_num_agent:1)_reward_to:agent	mtonly_25m	0.310263
pvp	item	curriculum/Task_EquipItem_(item:Bottom_level:1_num_agent:1)_reward_to:agent	mtonly_50m	0.382220
pvp	item	curriculum/Task_EquipItem_(item:Bottom_level:1_num_agent:1)_reward_to:agent	mtonly_75m	0.422470
pvp	item	curriculum/Task_EquipItem_(item:Bottom_level:3_num_agent:1)_reward_to:agent	general_100m	0.078095
pvp	item	curriculum/Task_EquipItem_(item:Bottom_level:3_num_agent:1)_reward_to:agent	general_200m	0.126397
pvp	item	curriculum/Task_EquipItem_(item:Bottom_level:3_num_agent:1)_reward_to:agent	general_300m	0.106678
pvp	item	curriculum/Task_EquipItem_(item:Bottom_level:3_num_agent:1)_reward_to:agent	general_400m	0.134321
pvp	item	curriculum/Task_EquipItem_(item:Bottom_level:3_num_agent:1)_reward_to:agent	mtonly_100m	0.124917
pvp	item	curriculum/Task_EquipItem_(item:Bottom_level:3_num_agent:1)_reward_to:agent	mtonly_25m	0.030491
pvp	item	curriculum/Task_EquipItem_(item:Bottom_level:3_num_agent:1)_reward_to:agent	mtonly_50m	0.061219
pvp	item	curriculum/Task_EquipItem_(item:Bottom_level:3_num_agent:1)_reward_to:agent	mtonly_75m	0.076071
pvp	item	curriculum/Task_EquipItem_(item:Bow_level:1_num_agent:1)_reward_to:agent	general_100m	0.072868
pvp	item	curriculum/Task_EquipItem_(item:Bow_level:1_num_agent:1)_reward_to:agent	general_200m	0.056128
pvp	item	curriculum/Task_EquipItem_(item:Bow_level:1_num_agent:1)_reward_to:agent	general_300m	0.080349
pvp	item	curriculum/Task_EquipItem_(item:Bow_level:1_num_agent:1)_reward_to:agent	general_400m	0.083320
pvp	item	curriculum/Task_EquipItem_(item:Bow_level:1_num_agent:1)_reward_to:agent	mtonly_100m	0.070376
pvp	item	curriculum/Task_EquipItem_(item:Bow_level:1_num_agent:1)_reward_to:agent	mtonly_25m	0.062838
pvp	item	curriculum/Task_EquipItem_(item:Bow_level:1_num_agent:1)_reward_to:agent	mtonly_50m	0.036190
pvp	item	curriculum/Task_EquipItem_(item:Bow_level:1_num_agent:1)_reward_to:agent	mtonly_75m	0.057690
pvp	item	curriculum/Task_EquipItem_(item:Bow_level:3_num_agent:1)_reward_to:agent	general_100m	0.000000
pvp	item	curriculum/Task_EquipItem_(item:Bow_level:3_num_agent:1)_reward_to:agent	general_200m	0.001887
pvp	item	curriculum/Task_EquipItem_(item:Bow_level:3_num_agent:1)_reward_to:agent	general_300m	0.001786
pvp	item	curriculum/Task_EquipItem_(item:Bow_level:3_num_agent:1)_reward_to:agent	general_400m	0.000000
pvp	item	curriculum/Task_EquipItem_(item:Bow_level:3_num_agent:1)_reward_to:agent	mtonly_100m	0.000000
pvp	item	curriculum/Task_EquipItem_(item:Bow_level:3_num_agent:1)_reward_to:agent	mtonly_25m	0.000000
pvp	item	curriculum/Task_EquipItem_(item:Bow_level:3_num_agent:1)_reward_to:agent	mtonly_50m	0.000000
pvp	item	curriculum/Task_EquipItem_(item:Bow_level:3_num_agent:1)_reward_to:agent	mtonly_75m	0.000000
pvp	item	curriculum/Task_EquipItem_(item:Chisel_level:1_num_agent:1)_reward_to:agent	general_100m	0.229847
pvp	item	curriculum/Task_EquipItem_(item:Chisel_level:1_num_agent:1)_reward_to:agent	general_200m	0.265974
pvp	item	curriculum/Task_EquipItem_(item:Chisel_level:1_num_agent:1)_reward_to:agent	general_300m	0.279243
pvp	item	curriculum/Task_EquipItem_(item:Chisel_level:1_num_agent:1)_reward_to:agent	general_400m	0.265123
pvp	item	curriculum/Task_EquipItem_(item:Chisel_level:1_num_agent:1)_reward_to:agent	mtonly_100m	0.301699
pvp	item	curriculum/Task_EquipItem_(item:Chisel_level:1_num_agent:1)_reward_to:agent	mtonly_25m	0.196127
pvp	item	curriculum/Task_EquipItem_(item:Chisel_level:1_num_agent:1)_reward_to:agent	mtonly_50m	0.279614
pvp	item	curriculum/Task_EquipItem_(item:Chisel_level:1_num_agent:1)_reward_to:agent	mtonly_75m	0.233787
pvp	item	curriculum/Task_EquipItem_(item:Chisel_level:3_num_agent:1)_reward_to:agent	general_100m	0.003334
pvp	item	curriculum/Task_EquipItem_(item:Chisel_level:3_num_agent:1)_reward_to:agent	general_200m	0.018433
pvp	item	curriculum/Task_EquipItem_(item:Chisel_level:3_num_agent:1)_reward_to:agent	general_300m	0.007320
pvp	item	curriculum/Task_EquipItem_(item:Chisel_level:3_num_agent:1)_reward_to:agent	general_400m	0.013906
pvp	item	curriculum/Task_EquipItem_(item:Chisel_level:3_num_agent:1)_reward_to:agent	mtonly_100m	0.018306
pvp	item	curriculum/Task_EquipItem_(item:Chisel_level:3_num_agent:1)_reward_to:agent	mtonly_25m	0.000000
pvp	item	curriculum/Task_EquipItem_(item:Chisel_level:3_num_agent:1)_reward_to:agent	mtonly_50m	0.004183
pvp	item	curriculum/Task_EquipItem_(item:Chisel_level:3_num_agent:1)_reward_to:agent	mtonly_75m	0.015712
pvp	item	curriculum/Task_EquipItem_(item:Gloves_level:1_num_agent:1)_reward_to:agent	general_100m	0.257625
pvp	item	curriculum/Task_EquipItem_(item:Gloves_level:1_num_agent:1)_reward_to:agent	general_200m	0.266786
pvp	item	curriculum/Task_EquipItem_(item:Gloves_level:1_num_agent:1)_reward_to:agent	general_300m	0.319575
pvp	item	curriculum/Task_EquipItem_(item:Gloves_level:1_num_agent:1)_reward_to:agent	general_400m	0.270885
pvp	item	curriculum/Task_EquipItem_(item:Gloves_level:1_num_agent:1)_reward_to:agent	mtonly_100m	0.312540
pvp	item	curriculum/Task_EquipItem_(item:Gloves_level:1_num_agent:1)_reward_to:agent	mtonly_25m	0.207200
pvp	item	curriculum/Task_EquipItem_(item:Gloves_level:1_num_agent:1)_reward_to:agent	mtonly_50m	0.267391
pvp	item	curriculum/Task_EquipItem_(item:Gloves_level:1_num_agent:1)_reward_to:agent	mtonly_75m	0.266852
pvp	item	curriculum/Task_EquipItem_(item:Gloves_level:3_num_agent:1)_reward_to:agent	general_100m	0.021933
pvp	item	curriculum/Task_EquipItem_(item:Gloves_level:3_num_agent:1)_reward_to:agent	general_200m	0.012584
pvp	item	curriculum/Task_EquipItem_(item:Gloves_level:3_num_agent:1)_reward_to:agent	general_300m	0.030691
pvp	item	curriculum/Task_EquipItem_(item:Gloves_level:3_num_agent:1)_reward_to:agent	general_400m	0.014691
pvp	item	curriculum/Task_EquipItem_(item:Gloves_level:3_num_agent:1)_reward_to:agent	mtonly_100m	0.011811
pvp	item	curriculum/Task_EquipItem_(item:Gloves_level:3_num_agent:1)_reward_to:agent	mtonly_25m	0.004286
pvp	item	curriculum/Task_EquipItem_(item:Gloves_level:3_num_agent:1)_reward_to:agent	mtonly_50m	0.011764
pvp	item	curriculum/Task_EquipItem_(item:Gloves_level:3_num_agent:1)_reward_to:agent	mtonly_75m	0.007443
pvp	item	curriculum/Task_EquipItem_(item:Hat_level:1_num_agent:1)_reward_to:agent	general_100m	0.386877
pvp	item	curriculum/Task_EquipItem_(item:Hat_level:1_num_agent:1)_reward_to:agent	general_200m	0.501903
pvp	item	curriculum/Task_EquipItem_(item:Hat_level:1_num_agent:1)_reward_to:agent	general_300m	0.471619
pvp	item	curriculum/Task_EquipItem_(item:Hat_level:1_num_agent:1)_reward_to:agent	general_400m	0.499553
pvp	item	curriculum/Task_EquipItem_(item:Hat_level:1_num_agent:1)_reward_to:agent	mtonly_100m	0.427786
pvp	item	curriculum/Task_EquipItem_(item:Hat_level:1_num_agent:1)_reward_to:agent	mtonly_25m	0.316958
pvp	item	curriculum/Task_EquipItem_(item:Hat_level:1_num_agent:1)_reward_to:agent	mtonly_50m	0.361489
pvp	item	curriculum/Task_EquipItem_(item:Hat_level:1_num_agent:1)_reward_to:agent	mtonly_75m	0.409961
pvp	item	curriculum/Task_EquipItem_(item:Hat_level:3_num_agent:1)_reward_to:agent	general_100m	0.071840
pvp	item	curriculum/Task_EquipItem_(item:Hat_level:3_num_agent:1)_reward_to:agent	general_200m	0.125778
pvp	item	curriculum/Task_EquipItem_(item:Hat_level:3_num_agent:1)_reward_to:agent	general_300m	0.120024
pvp	item	curriculum/Task_EquipItem_(item:Hat_level:3_num_agent:1)_reward_to:agent	general_400m	0.137975
pvp	item	curriculum/Task_EquipItem_(item:Hat_level:3_num_agent:1)_reward_to:agent	mtonly_100m	0.065185
pvp	item	curriculum/Task_EquipItem_(item:Hat_level:3_num_agent:1)_reward_to:agent	mtonly_25m	0.022484
pvp	item	curriculum/Task_EquipItem_(item:Hat_level:3_num_agent:1)_reward_to:agent	mtonly_50m	0.041296
pvp	item	curriculum/Task_EquipItem_(item:Hat_level:3_num_agent:1)_reward_to:agent	mtonly_75m	0.089367
pvp	item	curriculum/Task_EquipItem_(item:Pickaxe_level:1_num_agent:1)_reward_to:agent	general_100m	0.266340
pvp	item	curriculum/Task_EquipItem_(item:Pickaxe_level:1_num_agent:1)_reward_to:agent	general_200m	0.266750
pvp	item	curriculum/Task_EquipItem_(item:Pickaxe_level:1_num_agent:1)_reward_to:agent	general_300m	0.269384
pvp	item	curriculum/Task_EquipItem_(item:Pickaxe_level:1_num_agent:1)_reward_to:agent	general_400m	0.276538
pvp	item	curriculum/Task_EquipItem_(item:Pickaxe_level:1_num_agent:1)_reward_to:agent	mtonly_100m	0.295531
pvp	item	curriculum/Task_EquipItem_(item:Pickaxe_level:1_num_agent:1)_reward_to:agent	mtonly_25m	0.179528
pvp	item	curriculum/Task_EquipItem_(item:Pickaxe_level:1_num_agent:1)_reward_to:agent	mtonly_50m	0.230033
pvp	item	curriculum/Task_EquipItem_(item:Pickaxe_level:1_num_agent:1)_reward_to:agent	mtonly_75m	0.229868
pvp	item	curriculum/Task_EquipItem_(item:Pickaxe_level:3_num_agent:1)_reward_to:agent	general_100m	0.010043
pvp	item	curriculum/Task_EquipItem_(item:Pickaxe_level:3_num_agent:1)_reward_to:agent	general_200m	0.012287
pvp	item	curriculum/Task_EquipItem_(item:Pickaxe_level:3_num_agent:1)_reward_to:agent	general_300m	0.008632
pvp	item	curriculum/Task_EquipItem_(item:Pickaxe_level:3_num_agent:1)_reward_to:agent	general_400m	0.015208
pvp	item	curriculum/Task_EquipItem_(item:Pickaxe_level:3_num_agent:1)_reward_to:agent	mtonly_100m	0.014277
pvp	item	curriculum/Task_EquipItem_(item:Pickaxe_level:3_num_agent:1)_reward_to:agent	mtonly_25m	0.001887
pvp	item	curriculum/Task_EquipItem_(item:Pickaxe_level:3_num_agent:1)_reward_to:agent	mtonly_50m	0.012703
pvp	item	curriculum/Task_EquipItem_(item:Pickaxe_level:3_num_agent:1)_reward_to:agent	mtonly_75m	0.011786
pvp	item	curriculum/Task_EquipItem_(item:Rod_level:1_num_agent:1)_reward_to:agent	general_100m	0.252756
pvp	item	curriculum/Task_EquipItem_(item:Rod_level:1_num_agent:1)_reward_to:agent	general_200m	0.267308
pvp	item	curriculum/Task_EquipItem_(item:Rod_level:1_num_agent:1)_reward_to:agent	general_300m	0.277761
pvp	item	curriculum/Task_EquipItem_(item:Rod_level:1_num_agent:1)_reward_to:agent	general_400m	0.308476
pvp	item	curriculum/Task_EquipItem_(item:Rod_level:1_num_agent:1)_reward_to:agent	mtonly_100m	0.335756
pvp	item	curriculum/Task_EquipItem_(item:Rod_level:1_num_agent:1)_reward_to:agent	mtonly_25m	0.205214
pvp	item	curriculum/Task_EquipItem_(item:Rod_level:1_num_agent:1)_reward_to:agent	mtonly_50m	0.261939
pvp	item	curriculum/Task_EquipItem_(item:Rod_level:1_num_agent:1)_reward_to:agent	mtonly_75m	0.256261
pvp	item	curriculum/Task_EquipItem_(item:Rod_level:3_num_agent:1)_reward_to:agent	general_100m	0.020976
pvp	item	curriculum/Task_EquipItem_(item:Rod_level:3_num_agent:1)_reward_to:agent	general_200m	0.013295
pvp	item	curriculum/Task_EquipItem_(item:Rod_level:3_num_agent:1)_reward_to:agent	general_300m	0.016291
pvp	item	curriculum/Task_EquipItem_(item:Rod_level:3_num_agent:1)_reward_to:agent	general_400m	0.018569
pvp	item	curriculum/Task_EquipItem_(item:Rod_level:3_num_agent:1)_reward_to:agent	mtonly_100m	0.023778
pvp	item	curriculum/Task_EquipItem_(item:Rod_level:3_num_agent:1)_reward_to:agent	mtonly_25m	0.003509
pvp	item	curriculum/Task_EquipItem_(item:Rod_level:3_num_agent:1)_reward_to:agent	mtonly_50m	0.012419
pvp	item	curriculum/Task_EquipItem_(item:Rod_level:3_num_agent:1)_reward_to:agent	mtonly_75m	0.019058
pvp	item	curriculum/Task_EquipItem_(item:Runes_level:1_num_agent:1)_reward_to:agent	general_100m	0.376728
pvp	item	curriculum/Task_EquipItem_(item:Runes_level:1_num_agent:1)_reward_to:agent	general_200m	0.474920
pvp	item	curriculum/Task_EquipItem_(item:Runes_level:1_num_agent:1)_reward_to:agent	general_300m	0.513770
pvp	item	curriculum/Task_EquipItem_(item:Runes_level:1_num_agent:1)_reward_to:agent	general_400m	0.590156
pvp	item	curriculum/Task_EquipItem_(item:Runes_level:1_num_agent:1)_reward_to:agent	mtonly_100m	0.555168
pvp	item	curriculum/Task_EquipItem_(item:Runes_level:1_num_agent:1)_reward_to:agent	mtonly_25m	0.372331
pvp	item	curriculum/Task_EquipItem_(item:Runes_level:1_num_agent:1)_reward_to:agent	mtonly_50m	0.428831
pvp	item	curriculum/Task_EquipItem_(item:Runes_level:1_num_agent:1)_reward_to:agent	mtonly_75m	0.550413
pvp	item	curriculum/Task_EquipItem_(item:Runes_level:3_num_agent:1)_reward_to:agent	general_100m	0.004222
pvp	item	curriculum/Task_EquipItem_(item:Runes_level:3_num_agent:1)_reward_to:agent	general_200m	0.011609
pvp	item	curriculum/Task_EquipItem_(item:Runes_level:3_num_agent:1)_reward_to:agent	general_300m	0.007892
pvp	item	curriculum/Task_EquipItem_(item:Runes_level:3_num_agent:1)_reward_to:agent	general_400m	0.008237
pvp	item	curriculum/Task_EquipItem_(item:Runes_level:3_num_agent:1)_reward_to:agent	mtonly_100m	0.009903
pvp	item	curriculum/Task_EquipItem_(item:Runes_level:3_num_agent:1)_reward_to:agent	mtonly_25m	0.000000
pvp	item	curriculum/Task_EquipItem_(item:Runes_level:3_num_agent:1)_reward_to:agent	mtonly_50m	0.005564
pvp	item	curriculum/Task_EquipItem_(item:Runes_level:3_num_agent:1)_reward_to:agent	mtonly_75m	0.003852
pvp	item	curriculum/Task_EquipItem_(item:Spear_level:1_num_agent:1)_reward_to:agent	general_100m	0.053196
pvp	item	curriculum/Task_EquipItem_(item:Spear_level:1_num_agent:1)_reward_to:agent	general_200m	0.081162
pvp	item	curriculum/Task_EquipItem_(item:Spear_level:1_num_agent:1)_reward_to:agent	general_300m	0.098742
pvp	item	curriculum/Task_EquipItem_(item:Spear_level:1_num_agent:1)_reward_to:agent	general_400m	0.107622
pvp	item	curriculum/Task_EquipItem_(item:Spear_level:1_num_agent:1)_reward_to:agent	mtonly_100m	0.090940
pvp	item	curriculum/Task_EquipItem_(item:Spear_level:1_num_agent:1)_reward_to:agent	mtonly_25m	0.035024
pvp	item	curriculum/Task_EquipItem_(item:Spear_level:1_num_agent:1)_reward_to:agent	mtonly_50m	0.068068
pvp	item	curriculum/Task_EquipItem_(item:Spear_level:1_num_agent:1)_reward_to:agent	mtonly_75m	0.068144
pvp	item	curriculum/Task_EquipItem_(item:Spear_level:3_num_agent:1)_reward_to:agent	general_100m	0.000000
pvp	item	curriculum/Task_EquipItem_(item:Spear_level:3_num_agent:1)_reward_to:agent	general_200m	0.002381
pvp	item	curriculum/Task_EquipItem_(item:Spear_level:3_num_agent:1)_reward_to:agent	general_300m	0.000000
pvp	item	curriculum/Task_EquipItem_(item:Spear_level:3_num_agent:1)_reward_to:agent	general_400m	0.000000
pvp	item	curriculum/Task_EquipItem_(item:Spear_level:3_num_agent:1)_reward_to:agent	mtonly_100m	0.002041
pvp	item	curriculum/Task_EquipItem_(item:Spear_level:3_num_agent:1)_reward_to:agent	mtonly_25m	0.000000
pvp	item	curriculum/Task_EquipItem_(item:Spear_level:3_num_agent:1)_reward_to:agent	mtonly_50m	0.000000
pvp	item	curriculum/Task_EquipItem_(item:Spear_level:3_num_agent:1)_reward_to:agent	mtonly_75m	0.000000
pvp	item	curriculum/Task_EquipItem_(item:Top_level:1_num_agent:1)_reward_to:agent	general_100m	0.382591
pvp	item	curriculum/Task_EquipItem_(item:Top_level:1_num_agent:1)_reward_to:agent	general_200m	0.473008
pvp	item	curriculum/Task_EquipItem_(item:Top_level:1_num_agent:1)_reward_to:agent	general_300m	0.456953
pvp	item	curriculum/Task_EquipItem_(item:Top_level:1_num_agent:1)_reward_to:agent	general_400m	0.514247
pvp	item	curriculum/Task_EquipItem_(item:Top_level:1_num_agent:1)_reward_to:agent	mtonly_100m	0.413004
pvp	item	curriculum/Task_EquipItem_(item:Top_level:1_num_agent:1)_reward_to:agent	mtonly_25m	0.320836
pvp	item	curriculum/Task_EquipItem_(item:Top_level:1_num_agent:1)_reward_to:agent	mtonly_50m	0.417873
pvp	item	curriculum/Task_EquipItem_(item:Top_level:1_num_agent:1)_reward_to:agent	mtonly_75m	0.397468
pvp	item	curriculum/Task_EquipItem_(item:Top_level:3_num_agent:1)_reward_to:agent	general_100m	0.093615
pvp	item	curriculum/Task_EquipItem_(item:Top_level:3_num_agent:1)_reward_to:agent	general_200m	0.101437
pvp	item	curriculum/Task_EquipItem_(item:Top_level:3_num_agent:1)_reward_to:agent	general_300m	0.105909
pvp	item	curriculum/Task_EquipItem_(item:Top_level:3_num_agent:1)_reward_to:agent	general_400m	0.127222
pvp	item	curriculum/Task_EquipItem_(item:Top_level:3_num_agent:1)_reward_to:agent	mtonly_100m	0.113423
pvp	item	curriculum/Task_EquipItem_(item:Top_level:3_num_agent:1)_reward_to:agent	mtonly_25m	0.024736
pvp	item	curriculum/Task_EquipItem_(item:Top_level:3_num_agent:1)_reward_to:agent	mtonly_50m	0.067742
pvp	item	curriculum/Task_EquipItem_(item:Top_level:3_num_agent:1)_reward_to:agent	mtonly_75m	0.069703
pvp	item	curriculum/Task_EquipItem_(item:Wand_level:1_num_agent:1)_reward_to:agent	general_100m	0.062090
pvp	item	curriculum/Task_EquipItem_(item:Wand_level:1_num_agent:1)_reward_to:agent	general_200m	0.063310
pvp	item	curriculum/Task_EquipItem_(item:Wand_level:1_num_agent:1)_reward_to:agent	general_300m	0.071166
pvp	item	curriculum/Task_EquipItem_(item:Wand_level:1_num_agent:1)_reward_to:agent	general_400m	0.074407
pvp	item	curriculum/Task_EquipItem_(item:Wand_level:1_num_agent:1)_reward_to:agent	mtonly_100m	0.096010
pvp	item	curriculum/Task_EquipItem_(item:Wand_level:1_num_agent:1)_reward_to:agent	mtonly_25m	0.038200
pvp	item	curriculum/Task_EquipItem_(item:Wand_level:1_num_agent:1)_reward_to:agent	mtonly_50m	0.084612
pvp	item	curriculum/Task_EquipItem_(item:Wand_level:1_num_agent:1)_reward_to:agent	mtonly_75m	0.103935
pvp	item	curriculum/Task_EquipItem_(item:Wand_level:3_num_agent:1)_reward_to:agent	general_100m	0.000000
pvp	item	curriculum/Task_EquipItem_(item:Wand_level:3_num_agent:1)_reward_to:agent	general_200m	0.000000
pvp	item	curriculum/Task_EquipItem_(item:Wand_level:3_num_agent:1)_reward_to:agent	general_300m	0.000000
pvp	item	curriculum/Task_EquipItem_(item:Wand_level:3_num_agent:1)_reward_to:agent	general_400m	0.001587
pvp	item	curriculum/Task_EquipItem_(item:Wand_level:3_num_agent:1)_reward_to:agent	mtonly_100m	0.002000
pvp	item	curriculum/Task_EquipItem_(item:Wand_level:3_num_agent:1)_reward_to:agent	mtonly_25m	0.000000
pvp	item	curriculum/Task_EquipItem_(item:Wand_level:3_num_agent:1)_reward_to:agent	mtonly_50m	0.000000
pvp	item	curriculum/Task_EquipItem_(item:Wand_level:3_num_agent:1)_reward_to:agent	mtonly_75m	0.000000
pvp	item	curriculum/Task_EquipItem_(item:Whetstone_level:1_num_agent:1)_reward_to:agent	general_100m	0.380670
pvp	item	curriculum/Task_EquipItem_(item:Whetstone_level:1_num_agent:1)_reward_to:agent	general_200m	0.514294
pvp	item	curriculum/Task_EquipItem_(item:Whetstone_level:1_num_agent:1)_reward_to:agent	general_300m	0.505166
pvp	item	curriculum/Task_EquipItem_(item:Whetstone_level:1_num_agent:1)_reward_to:agent	general_400m	0.530224
pvp	item	curriculum/Task_EquipItem_(item:Whetstone_level:1_num_agent:1)_reward_to:agent	mtonly_100m	0.531225
pvp	item	curriculum/Task_EquipItem_(item:Whetstone_level:1_num_agent:1)_reward_to:agent	mtonly_25m	0.311497
pvp	item	curriculum/Task_EquipItem_(item:Whetstone_level:1_num_agent:1)_reward_to:agent	mtonly_50m	0.389267
pvp	item	curriculum/Task_EquipItem_(item:Whetstone_level:1_num_agent:1)_reward_to:agent	mtonly_75m	0.437182
pvp	item	curriculum/Task_EquipItem_(item:Whetstone_level:3_num_agent:1)_reward_to:agent	general_100m	0.006213
pvp	item	curriculum/Task_EquipItem_(item:Whetstone_level:3_num_agent:1)_reward_to:agent	general_200m	0.018575
pvp	item	curriculum/Task_EquipItem_(item:Whetstone_level:3_num_agent:1)_reward_to:agent	general_300m	0.004929
pvp	item	curriculum/Task_EquipItem_(item:Whetstone_level:3_num_agent:1)_reward_to:agent	general_400m	0.023994
pvp	item	curriculum/Task_EquipItem_(item:Whetstone_level:3_num_agent:1)_reward_to:agent	mtonly_100m	0.009761
pvp	item	curriculum/Task_EquipItem_(item:Whetstone_level:3_num_agent:1)_reward_to:agent	mtonly_25m	0.003571
pvp	item	curriculum/Task_EquipItem_(item:Whetstone_level:3_num_agent:1)_reward_to:agent	mtonly_50m	0.004183
pvp	item	curriculum/Task_EquipItem_(item:Whetstone_level:3_num_agent:1)_reward_to:agent	mtonly_75m	0.003818
pvp	item	curriculum/Task_FullyArmed_(combat_style:Mage_level:1_num_agent:1)_reward_to:agent	general_100m	0.000000
pvp	item	curriculum/Task_FullyArmed_(combat_style:Mage_level:1_num_agent:1)_reward_to:agent	general_200m	0.000000
pvp	item	curriculum/Task_FullyArmed_(combat_style:Mage_level:1_num_agent:1)_reward_to:agent	general_300m	0.001587
pvp	item	curriculum/Task_FullyArmed_(combat_style:Mage_level:1_num_agent:1)_reward_to:agent	general_400m	0.000000
pvp	item	curriculum/Task_FullyArmed_(combat_style:Mage_level:1_num_agent:1)_reward_to:agent	mtonly_100m	0.000000
pvp	item	curriculum/Task_FullyArmed_(combat_style:Mage_level:1_num_agent:1)_reward_to:agent	mtonly_25m	0.000000
pvp	item	curriculum/Task_FullyArmed_(combat_style:Mage_level:1_num_agent:1)_reward_to:agent	mtonly_50m	0.000000
pvp	item	curriculum/Task_FullyArmed_(combat_style:Mage_level:1_num_agent:1)_reward_to:agent	mtonly_75m	0.000000
pvp	item	curriculum/Task_FullyArmed_(combat_style:Mage_level:3_num_agent:1)_reward_to:agent	general_100m	0.000000
pvp	item	curriculum/Task_FullyArmed_(combat_style:Mage_level:3_num_agent:1)_reward_to:agent	general_200m	0.000000
pvp	item	curriculum/Task_FullyArmed_(combat_style:Mage_level:3_num_agent:1)_reward_to:agent	general_300m	0.000000
pvp	item	curriculum/Task_FullyArmed_(combat_style:Mage_level:3_num_agent:1)_reward_to:agent	general_400m	0.000000
pvp	item	curriculum/Task_FullyArmed_(combat_style:Mage_level:3_num_agent:1)_reward_to:agent	mtonly_100m	0.000000
pvp	item	curriculum/Task_FullyArmed_(combat_style:Mage_level:3_num_agent:1)_reward_to:agent	mtonly_25m	0.000000
pvp	item	curriculum/Task_FullyArmed_(combat_style:Mage_level:3_num_agent:1)_reward_to:agent	mtonly_50m	0.000000
pvp	item	curriculum/Task_FullyArmed_(combat_style:Mage_level:3_num_agent:1)_reward_to:agent	mtonly_75m	0.000000
pvp	item	curriculum/Task_FullyArmed_(combat_style:Melee_level:1_num_agent:1)_reward_to:agent	general_100m	0.000000
pvp	item	curriculum/Task_FullyArmed_(combat_style:Melee_level:1_num_agent:1)_reward_to:agent	general_200m	0.000000
pvp	item	curriculum/Task_FullyArmed_(combat_style:Melee_level:1_num_agent:1)_reward_to:agent	general_300m	0.000000
pvp	item	curriculum/Task_FullyArmed_(combat_style:Melee_level:1_num_agent:1)_reward_to:agent	general_400m	0.000000
pvp	item	curriculum/Task_FullyArmed_(combat_style:Melee_level:1_num_agent:1)_reward_to:agent	mtonly_100m	0.000000
pvp	item	curriculum/Task_FullyArmed_(combat_style:Melee_level:1_num_agent:1)_reward_to:agent	mtonly_25m	0.000000
pvp	item	curriculum/Task_FullyArmed_(combat_style:Melee_level:1_num_agent:1)_reward_to:agent	mtonly_50m	0.000000
pvp	item	curriculum/Task_FullyArmed_(combat_style:Melee_level:1_num_agent:1)_reward_to:agent	mtonly_75m	0.000000
pvp	item	curriculum/Task_FullyArmed_(combat_style:Melee_level:3_num_agent:1)_reward_to:agent	general_100m	0.000000
pvp	item	curriculum/Task_FullyArmed_(combat_style:Melee_level:3_num_agent:1)_reward_to:agent	general_200m	0.000000
pvp	item	curriculum/Task_FullyArmed_(combat_style:Melee_level:3_num_agent:1)_reward_to:agent	general_300m	0.000000
pvp	item	curriculum/Task_FullyArmed_(combat_style:Melee_level:3_num_agent:1)_reward_to:agent	general_400m	0.000000
pvp	item	curriculum/Task_FullyArmed_(combat_style:Melee_level:3_num_agent:1)_reward_to:agent	mtonly_100m	0.000000
pvp	item	curriculum/Task_FullyArmed_(combat_style:Melee_level:3_num_agent:1)_reward_to:agent	mtonly_25m	0.000000
pvp	item	curriculum/Task_FullyArmed_(combat_style:Melee_level:3_num_agent:1)_reward_to:agent	mtonly_50m	0.000000
pvp	item	curriculum/Task_FullyArmed_(combat_style:Melee_level:3_num_agent:1)_reward_to:agent	mtonly_75m	0.000000
pvp	item	curriculum/Task_FullyArmed_(combat_style:Range_level:1_num_agent:1)_reward_to:agent	general_100m	0.000000
pvp	item	curriculum/Task_FullyArmed_(combat_style:Range_level:1_num_agent:1)_reward_to:agent	general_200m	0.000000
pvp	item	curriculum/Task_FullyArmed_(combat_style:Range_level:1_num_agent:1)_reward_to:agent	general_300m	0.000000
pvp	item	curriculum/Task_FullyArmed_(combat_style:Range_level:1_num_agent:1)_reward_to:agent	general_400m	0.000000
pvp	item	curriculum/Task_FullyArmed_(combat_style:Range_level:1_num_agent:1)_reward_to:agent	mtonly_100m	0.000000
pvp	item	curriculum/Task_FullyArmed_(combat_style:Range_level:1_num_agent:1)_reward_to:agent	mtonly_25m	0.000000
pvp	item	curriculum/Task_FullyArmed_(combat_style:Range_level:1_num_agent:1)_reward_to:agent	mtonly_50m	0.000000
pvp	item	curriculum/Task_FullyArmed_(combat_style:Range_level:1_num_agent:1)_reward_to:agent	mtonly_75m	0.000000
pvp	item	curriculum/Task_FullyArmed_(combat_style:Range_level:3_num_agent:1)_reward_to:agent	general_100m	0.000000
pvp	item	curriculum/Task_FullyArmed_(combat_style:Range_level:3_num_agent:1)_reward_to:agent	general_200m	0.000000
pvp	item	curriculum/Task_FullyArmed_(combat_style:Range_level:3_num_agent:1)_reward_to:agent	general_300m	0.000000
pvp	item	curriculum/Task_FullyArmed_(combat_style:Range_level:3_num_agent:1)_reward_to:agent	general_400m	0.000000
pvp	item	curriculum/Task_FullyArmed_(combat_style:Range_level:3_num_agent:1)_reward_to:agent	mtonly_100m	0.000000
pvp	item	curriculum/Task_FullyArmed_(combat_style:Range_level:3_num_agent:1)_reward_to:agent	mtonly_25m	0.000000
pvp	item	curriculum/Task_FullyArmed_(combat_style:Range_level:3_num_agent:1)_reward_to:agent	mtonly_50m	0.000000
pvp	item	curriculum/Task_FullyArmed_(combat_style:Range_level:3_num_agent:1)_reward_to:agent	mtonly_75m	0.000000
pvp	item	curriculum/Task_HarvestItem_(item:Arrow_level:1_quantity:20)_reward_to:agent	general_100m	0.132157
pvp	item	curriculum/Task_HarvestItem_(item:Arrow_level:1_quantity:20)_reward_to:agent	general_200m	0.165943
pvp	item	curriculum/Task_HarvestItem_(item:Arrow_level:1_quantity:20)_reward_to:agent	general_300m	0.190872
pvp	item	curriculum/Task_HarvestItem_(item:Arrow_level:1_quantity:20)_reward_to:agent	general_400m	0.205051
pvp	item	curriculum/Task_HarvestItem_(item:Arrow_level:1_quantity:20)_reward_to:agent	mtonly_100m	0.229833
pvp	item	curriculum/Task_HarvestItem_(item:Arrow_level:1_quantity:20)_reward_to:agent	mtonly_25m	0.123692
pvp	item	curriculum/Task_HarvestItem_(item:Arrow_level:1_quantity:20)_reward_to:agent	mtonly_50m	0.189082
pvp	item	curriculum/Task_HarvestItem_(item:Arrow_level:1_quantity:20)_reward_to:agent	mtonly_75m	0.163186
pvp	item	curriculum/Task_HarvestItem_(item:Arrow_level:3_quantity:20)_reward_to:agent	general_100m	0.003658
pvp	item	curriculum/Task_HarvestItem_(item:Arrow_level:3_quantity:20)_reward_to:agent	general_200m	0.010500
pvp	item	curriculum/Task_HarvestItem_(item:Arrow_level:3_quantity:20)_reward_to:agent	general_300m	0.003737
pvp	item	curriculum/Task_HarvestItem_(item:Arrow_level:3_quantity:20)_reward_to:agent	general_400m	0.011652
pvp	item	curriculum/Task_HarvestItem_(item:Arrow_level:3_quantity:20)_reward_to:agent	mtonly_100m	0.006687
pvp	item	curriculum/Task_HarvestItem_(item:Arrow_level:3_quantity:20)_reward_to:agent	mtonly_25m	0.003987
pvp	item	curriculum/Task_HarvestItem_(item:Arrow_level:3_quantity:20)_reward_to:agent	mtonly_50m	0.011239
pvp	item	curriculum/Task_HarvestItem_(item:Arrow_level:3_quantity:20)_reward_to:agent	mtonly_75m	0.003939
pvp	item	curriculum/Task_HarvestItem_(item:Runes_level:1_quantity:20)_reward_to:agent	general_100m	0.159421
pvp	item	curriculum/Task_HarvestItem_(item:Runes_level:1_quantity:20)_reward_to:agent	general_200m	0.193784
pvp	item	curriculum/Task_HarvestItem_(item:Runes_level:1_quantity:20)_reward_to:agent	general_300m	0.179404
pvp	item	curriculum/Task_HarvestItem_(item:Runes_level:1_quantity:20)_reward_to:agent	general_400m	0.241799
pvp	item	curriculum/Task_HarvestItem_(item:Runes_level:1_quantity:20)_reward_to:agent	mtonly_100m	0.214208
pvp	item	curriculum/Task_HarvestItem_(item:Runes_level:1_quantity:20)_reward_to:agent	mtonly_25m	0.133563
pvp	item	curriculum/Task_HarvestItem_(item:Runes_level:1_quantity:20)_reward_to:agent	mtonly_50m	0.145611
pvp	item	curriculum/Task_HarvestItem_(item:Runes_level:1_quantity:20)_reward_to:agent	mtonly_75m	0.198293
pvp	item	curriculum/Task_HarvestItem_(item:Runes_level:3_quantity:20)_reward_to:agent	general_100m	0.003213
pvp	item	curriculum/Task_HarvestItem_(item:Runes_level:3_quantity:20)_reward_to:agent	general_200m	0.008257
pvp	item	curriculum/Task_HarvestItem_(item:Runes_level:3_quantity:20)_reward_to:agent	general_300m	0.004114
pvp	item	curriculum/Task_HarvestItem_(item:Runes_level:3_quantity:20)_reward_to:agent	general_400m	0.011163
pvp	item	curriculum/Task_HarvestItem_(item:Runes_level:3_quantity:20)_reward_to:agent	mtonly_100m	0.007507
pvp	item	curriculum/Task_HarvestItem_(item:Runes_level:3_quantity:20)_reward_to:agent	mtonly_25m	0.002422
pvp	item	curriculum/Task_HarvestItem_(item:Runes_level:3_quantity:20)_reward_to:agent	mtonly_50m	0.002173
pvp	item	curriculum/Task_HarvestItem_(item:Runes_level:3_quantity:20)_reward_to:agent	mtonly_75m	0.005796
pvp	item	curriculum/Task_HarvestItem_(item:Whetstone_level:1_quantity:20)_reward_to:agent	general_100m	0.185591
pvp	item	curriculum/Task_HarvestItem_(item:Whetstone_level:1_quantity:20)_reward_to:agent	general_200m	0.177234
pvp	item	curriculum/Task_HarvestItem_(item:Whetstone_level:1_quantity:20)_reward_to:agent	general_300m	0.178181
pvp	item	curriculum/Task_HarvestItem_(item:Whetstone_level:1_quantity:20)_reward_to:agent	general_400m	0.205561
pvp	item	curriculum/Task_HarvestItem_(item:Whetstone_level:1_quantity:20)_reward_to:agent	mtonly_100m	0.210402
pvp	item	curriculum/Task_HarvestItem_(item:Whetstone_level:1_quantity:20)_reward_to:agent	mtonly_25m	0.107537
pvp	item	curriculum/Task_HarvestItem_(item:Whetstone_level:1_quantity:20)_reward_to:agent	mtonly_50m	0.172912
pvp	item	curriculum/Task_HarvestItem_(item:Whetstone_level:1_quantity:20)_reward_to:agent	mtonly_75m	0.207316
pvp	item	curriculum/Task_HarvestItem_(item:Whetstone_level:3_quantity:20)_reward_to:agent	general_100m	0.000965
pvp	item	curriculum/Task_HarvestItem_(item:Whetstone_level:3_quantity:20)_reward_to:agent	general_200m	0.007520
pvp	item	curriculum/Task_HarvestItem_(item:Whetstone_level:3_quantity:20)_reward_to:agent	general_300m	0.005470
pvp	item	curriculum/Task_HarvestItem_(item:Whetstone_level:3_quantity:20)_reward_to:agent	general_400m	0.009991
pvp	item	curriculum/Task_HarvestItem_(item:Whetstone_level:3_quantity:20)_reward_to:agent	mtonly_100m	0.010769
pvp	item	curriculum/Task_HarvestItem_(item:Whetstone_level:3_quantity:20)_reward_to:agent	mtonly_25m	0.000578
pvp	item	curriculum/Task_HarvestItem_(item:Whetstone_level:3_quantity:20)_reward_to:agent	mtonly_50m	0.001270
pvp	item	curriculum/Task_HarvestItem_(item:Whetstone_level:3_quantity:20)_reward_to:agent	mtonly_75m	0.001583
pvp	market	curriculum/Task_CountEvent_(event:BUY_ITEM_N:20)_reward_to:agent	general_100m	0.185248
pvp	market	curriculum/Task_CountEvent_(event:BUY_ITEM_N:20)_reward_to:agent	general_200m	0.233494
pvp	market	curriculum/Task_CountEvent_(event:BUY_ITEM_N:20)_reward_to:agent	general_300m	0.245785
pvp	market	curriculum/Task_CountEvent_(event:BUY_ITEM_N:20)_reward_to:agent	general_400m	0.279291
pvp	market	curriculum/Task_CountEvent_(event:BUY_ITEM_N:20)_reward_to:agent	mtonly_100m	0.282596
pvp	market	curriculum/Task_CountEvent_(event:BUY_ITEM_N:20)_reward_to:agent	mtonly_25m	0.107693
pvp	market	curriculum/Task_CountEvent_(event:BUY_ITEM_N:20)_reward_to:agent	mtonly_50m	0.221412
pvp	market	curriculum/Task_CountEvent_(event:BUY_ITEM_N:20)_reward_to:agent	mtonly_75m	0.215251
pvp	market	curriculum/Task_CountEvent_(event:EARN_GOLD_N:20)_reward_to:agent	general_100m	0.147799
pvp	market	curriculum/Task_CountEvent_(event:EARN_GOLD_N:20)_reward_to:agent	general_200m	0.245000
pvp	market	curriculum/Task_CountEvent_(event:EARN_GOLD_N:20)_reward_to:agent	general_300m	0.258406
pvp	market	curriculum/Task_CountEvent_(event:EARN_GOLD_N:20)_reward_to:agent	general_400m	0.225016
pvp	market	curriculum/Task_CountEvent_(event:EARN_GOLD_N:20)_reward_to:agent	mtonly_100m	0.295236
pvp	market	curriculum/Task_CountEvent_(event:EARN_GOLD_N:20)_reward_to:agent	mtonly_25m	0.097087
pvp	market	curriculum/Task_CountEvent_(event:EARN_GOLD_N:20)_reward_to:agent	mtonly_50m	0.215939
pvp	market	curriculum/Task_CountEvent_(event:EARN_GOLD_N:20)_reward_to:agent	mtonly_75m	0.238278
pvp	market	curriculum/Task_EarnGold_(amount:100)_reward_to:agent	general_100m	0.399808
pvp	market	curriculum/Task_EarnGold_(amount:100)_reward_to:agent	general_200m	0.447240
pvp	market	curriculum/Task_EarnGold_(amount:100)_reward_to:agent	general_300m	0.476360
pvp	market	curriculum/Task_EarnGold_(amount:100)_reward_to:agent	general_400m	0.489512
pvp	market	curriculum/Task_EarnGold_(amount:100)_reward_to:agent	mtonly_100m	0.522007
pvp	market	curriculum/Task_EarnGold_(amount:100)_reward_to:agent	mtonly_25m	0.234947
pvp	market	curriculum/Task_EarnGold_(amount:100)_reward_to:agent	mtonly_50m	0.415406
pvp	market	curriculum/Task_EarnGold_(amount:100)_reward_to:agent	mtonly_75m	0.442372
pvp	market	curriculum/Task_HoardGold_(amount:100)_reward_to:agent	general_100m	0.291433
pvp	market	curriculum/Task_HoardGold_(amount:100)_reward_to:agent	general_200m	0.373339
pvp	market	curriculum/Task_HoardGold_(amount:100)_reward_to:agent	general_300m	0.389200
pvp	market	curriculum/Task_HoardGold_(amount:100)_reward_to:agent	general_400m	0.397091
pvp	market	curriculum/Task_HoardGold_(amount:100)_reward_to:agent	mtonly_100m	0.359666
pvp	market	curriculum/Task_HoardGold_(amount:100)_reward_to:agent	mtonly_25m	0.183187
pvp	market	curriculum/Task_HoardGold_(amount:100)_reward_to:agent	mtonly_50m	0.314848
pvp	market	curriculum/Task_HoardGold_(amount:100)_reward_to:agent	mtonly_75m	0.336259
pvp	market	curriculum/Task_MakeProfit_(amount:100)_reward_to:agent	general_100m	0.227850
pvp	market	curriculum/Task_MakeProfit_(amount:100)_reward_to:agent	general_200m	0.283346
pvp	market	curriculum/Task_MakeProfit_(amount:100)_reward_to:agent	general_300m	0.315492
pvp	market	curriculum/Task_MakeProfit_(amount:100)_reward_to:agent	general_400m	0.341168
pvp	market	curriculum/Task_MakeProfit_(amount:100)_reward_to:agent	mtonly_100m	0.396872
pvp	market	curriculum/Task_MakeProfit_(amount:100)_reward_to:agent	mtonly_25m	0.143222
pvp	market	curriculum/Task_MakeProfit_(amount:100)_reward_to:agent	mtonly_50m	0.268116
pvp	market	curriculum/Task_MakeProfit_(amount:100)_reward_to:agent	mtonly_75m	0.320085
pvp	skill	curriculum/Task_AttainSkill_(skill:Alchemy_level:10_num_agent:1)_reward_to:agent	general_100m	0.033092
pvp	skill	curriculum/Task_AttainSkill_(skill:Alchemy_level:10_num_agent:1)_reward_to:agent	general_200m	0.065534
pvp	skill	curriculum/Task_AttainSkill_(skill:Alchemy_level:10_num_agent:1)_reward_to:agent	general_300m	0.068916
pvp	skill	curriculum/Task_AttainSkill_(skill:Alchemy_level:10_num_agent:1)_reward_to:agent	general_400m	0.064478
pvp	skill	curriculum/Task_AttainSkill_(skill:Alchemy_level:10_num_agent:1)_reward_to:agent	mtonly_100m	0.068120
pvp	skill	curriculum/Task_AttainSkill_(skill:Alchemy_level:10_num_agent:1)_reward_to:agent	mtonly_25m	0.025617
pvp	skill	curriculum/Task_AttainSkill_(skill:Alchemy_level:10_num_agent:1)_reward_to:agent	mtonly_50m	0.037235
pvp	skill	curriculum/Task_AttainSkill_(skill:Alchemy_level:10_num_agent:1)_reward_to:agent	mtonly_75m	0.052282
pvp	skill	curriculum/Task_AttainSkill_(skill:Carving_level:10_num_agent:1)_reward_to:agent	general_100m	0.037128
pvp	skill	curriculum/Task_AttainSkill_(skill:Carving_level:10_num_agent:1)_reward_to:agent	general_200m	0.062470
pvp	skill	curriculum/Task_AttainSkill_(skill:Carving_level:10_num_agent:1)_reward_to:agent	general_300m	0.053366
pvp	skill	curriculum/Task_AttainSkill_(skill:Carving_level:10_num_agent:1)_reward_to:agent	general_400m	0.054720
pvp	skill	curriculum/Task_AttainSkill_(skill:Carving_level:10_num_agent:1)_reward_to:agent	mtonly_100m	0.067111
pvp	skill	curriculum/Task_AttainSkill_(skill:Carving_level:10_num_agent:1)_reward_to:agent	mtonly_25m	0.023258
pvp	skill	curriculum/Task_AttainSkill_(skill:Carving_level:10_num_agent:1)_reward_to:agent	mtonly_50m	0.061235
pvp	skill	curriculum/Task_AttainSkill_(skill:Carving_level:10_num_agent:1)_reward_to:agent	mtonly_75m	0.042251
pvp	skill	curriculum/Task_AttainSkill_(skill:Fishing_level:10_num_agent:1)_reward_to:agent	general_100m	0.066590
pvp	skill	curriculum/Task_AttainSkill_(skill:Fishing_level:10_num_agent:1)_reward_to:agent	general_200m	0.075766
pvp	skill	curriculum/Task_AttainSkill_(skill:Fishing_level:10_num_agent:1)_reward_to:agent	general_300m	0.085887
pvp	skill	curriculum/Task_AttainSkill_(skill:Fishing_level:10_num_agent:1)_reward_to:agent	general_400m	0.097712
pvp	skill	curriculum/Task_AttainSkill_(skill:Fishing_level:10_num_agent:1)_reward_to:agent	mtonly_100m	0.107871
pvp	skill	curriculum/Task_AttainSkill_(skill:Fishing_level:10_num_agent:1)_reward_to:agent	mtonly_25m	0.039197
pvp	skill	curriculum/Task_AttainSkill_(skill:Fishing_level:10_num_agent:1)_reward_to:agent	mtonly_50m	0.067564
pvp	skill	curriculum/Task_AttainSkill_(skill:Fishing_level:10_num_agent:1)_reward_to:agent	mtonly_75m	0.086807
pvp	skill	curriculum/Task_AttainSkill_(skill:Herbalism_level:10_num_agent:1)_reward_to:agent	general_100m	0.060484
pvp	skill	curriculum/Task_AttainSkill_(skill:Herbalism_level:10_num_agent:1)_reward_to:agent	general_200m	0.079848
pvp	skill	curriculum/Task_AttainSkill_(skill:Herbalism_level:10_num_agent:1)_reward_to:agent	general_300m	0.086800
pvp	skill	curriculum/Task_AttainSkill_(skill:Herbalism_level:10_num_agent:1)_reward_to:agent	general_400m	0.096841
pvp	skill	curriculum/Task_AttainSkill_(skill:Herbalism_level:10_num_agent:1)_reward_to:agent	mtonly_100m	0.097075
pvp	skill	curriculum/Task_AttainSkill_(skill:Herbalism_level:10_num_agent:1)_reward_to:agent	mtonly_25m	0.044443
pvp	skill	curriculum/Task_AttainSkill_(skill:Herbalism_level:10_num_agent:1)_reward_to:agent	mtonly_50m	0.065692
pvp	skill	curriculum/Task_AttainSkill_(skill:Herbalism_level:10_num_agent:1)_reward_to:agent	mtonly_75m	0.074453
pvp	skill	curriculum/Task_AttainSkill_(skill:Mage_level:10_num_agent:1)_reward_to:agent	general_100m	0.089868
pvp	skill	curriculum/Task_AttainSkill_(skill:Mage_level:10_num_agent:1)_reward_to:agent	general_200m	0.107218
pvp	skill	curriculum/Task_AttainSkill_(skill:Mage_level:10_num_agent:1)_reward_to:agent	general_300m	0.111895
pvp	skill	curriculum/Task_AttainSkill_(skill:Mage_level:10_num_agent:1)_reward_to:agent	general_400m	0.107447
pvp	skill	curriculum/Task_AttainSkill_(skill:Mage_level:10_num_agent:1)_reward_to:agent	mtonly_100m	0.091788
pvp	skill	curriculum/Task_AttainSkill_(skill:Mage_level:10_num_agent:1)_reward_to:agent	mtonly_25m	0.049710
pvp	skill	curriculum/Task_AttainSkill_(skill:Mage_level:10_num_agent:1)_reward_to:agent	mtonly_50m	0.091894
pvp	skill	curriculum/Task_AttainSkill_(skill:Mage_level:10_num_agent:1)_reward_to:agent	mtonly_75m	0.090800
pvp	skill	curriculum/Task_AttainSkill_(skill:Melee_level:10_num_agent:1)_reward_to:agent	general_100m	0.111880
pvp	skill	curriculum/Task_AttainSkill_(skill:Melee_level:10_num_agent:1)_reward_to:agent	general_200m	0.110594
pvp	skill	curriculum/Task_AttainSkill_(skill:Melee_level:10_num_agent:1)_reward_to:agent	general_300m	0.107420
pvp	skill	curriculum/Task_AttainSkill_(skill:Melee_level:10_num_agent:1)_reward_to:agent	general_400m	0.130830
pvp	skill	curriculum/Task_AttainSkill_(skill:Melee_level:10_num_agent:1)_reward_to:agent	mtonly_100m	0.102693
pvp	skill	curriculum/Task_AttainSkill_(skill:Melee_level:10_num_agent:1)_reward_to:agent	mtonly_25m	0.074737
pvp	skill	curriculum/Task_AttainSkill_(skill:Melee_level:10_num_agent:1)_reward_to:agent	mtonly_50m	0.083566
pvp	skill	curriculum/Task_AttainSkill_(skill:Melee_level:10_num_agent:1)_reward_to:agent	mtonly_75m	0.075410
pvp	skill	curriculum/Task_AttainSkill_(skill:Prospecting_level:10_num_agent:1)_reward_to:agent	general_100m	0.031358
pvp	skill	curriculum/Task_AttainSkill_(skill:Prospecting_level:10_num_agent:1)_reward_to:agent	general_200m	0.044129
pvp	skill	curriculum/Task_AttainSkill_(skill:Prospecting_level:10_num_agent:1)_reward_to:agent	general_300m	0.050160
pvp	skill	curriculum/Task_AttainSkill_(skill:Prospecting_level:10_num_agent:1)_reward_to:agent	general_400m	0.059273
pvp	skill	curriculum/Task_AttainSkill_(skill:Prospecting_level:10_num_agent:1)_reward_to:agent	mtonly_100m	0.080257
pvp	skill	curriculum/Task_AttainSkill_(skill:Prospecting_level:10_num_agent:1)_reward_to:agent	mtonly_25m	0.021326
pvp	skill	curriculum/Task_AttainSkill_(skill:Prospecting_level:10_num_agent:1)_reward_to:agent	mtonly_50m	0.048804
pvp	skill	curriculum/Task_AttainSkill_(skill:Prospecting_level:10_num_agent:1)_reward_to:agent	mtonly_75m	0.066991
pvp	skill	curriculum/Task_AttainSkill_(skill:Range_level:10_num_agent:1)_reward_to:agent	general_100m	0.094884
pvp	skill	curriculum/Task_AttainSkill_(skill:Range_level:10_num_agent:1)_reward_to:agent	general_200m	0.103806
pvp	skill	curriculum/Task_AttainSkill_(skill:Range_level:10_num_agent:1)_reward_to:agent	general_300m	0.116734
pvp	skill	curriculum/Task_AttainSkill_(skill:Range_level:10_num_agent:1)_reward_to:agent	general_400m	0.133119
pvp	skill	curriculum/Task_AttainSkill_(skill:Range_level:10_num_agent:1)_reward_to:agent	mtonly_100m	0.116768
pvp	skill	curriculum/Task_AttainSkill_(skill:Range_level:10_num_agent:1)_reward_to:agent	mtonly_25m	0.063151
pvp	skill	curriculum/Task_AttainSkill_(skill:Range_level:10_num_agent:1)_reward_to:agent	mtonly_50m	0.100437
pvp	skill	curriculum/Task_AttainSkill_(skill:Range_level:10_num_agent:1)_reward_to:agent	mtonly_75m	0.090881
